{
    "model": "DBSCAN",
    "accuracy": 0.7490909090909091,
    "macro_f1": 0.3863909561719021,
    "binary_recall": 0.8993506493506493,
    "eps": 0.15,
    "best_eps": 0.15
}